<application>
  <component name="ExportableFileTemplateSettings">
    <internal_templates>
      <template name="CLJC Namespace.cljc" reformat="false" live-template-enabled="false" enabled="true" />
      <template name="Clojure Namespace.clj" reformat="false" live-template-enabled="false" enabled="true" />
      <template name="Clojure Test Namespace.clj" reformat="false" live-template-enabled="false" enabled="true" />
      <template name="ClojureScript Namespace.cljs" reformat="false" live-template-enabled="false" enabled="true" />
    </internal_templates>
  </component>
</application>