<keymap version="1" name="Mac OS X 10.5+ copy" parent="Mac OS X 10.5+">
  <action id=":cursive.actions.paredit/backward">
    <keyboard-shortcut first-keystroke="meta left" />
  </action>
  <action id=":cursive.actions.paredit/cycle-collection-type">
    <keyboard-shortcut first-keystroke="alt c" />
  </action>
  <action id=":cursive.actions.paredit/forward">
    <keyboard-shortcut first-keystroke="meta right" />
  </action>
  <action id=":cursive.actions.paredit/splice-killing-backwards">
    <keyboard-shortcut first-keystroke="alt a" />
  </action>
  <action id=":cursive.actions.paredit/splice-killing-forwards">
    <keyboard-shortcut first-keystroke="alt d" />
  </action>
</keymap>